Cluster,Households,jowar,bajra,maize,barley,small millets,ragi,arhar,moong,masur,urd,peas,khesari,other pulses,gram products,besan,other pulse products
0,43103560.0,0.1573155954886598,0.14737288786110547,0.1707569729871597,0.1797198932142924,0.18729132888004493,0.15754332156873777,0.061131543975934705,0.11079017864271015,0.24282422919872815,0.07828448318074419,0.07931837533078186,0.10165978396834603,0.10353824402845509,0.0952904408712147,0.049493735745755114,0.07766898505733016
1,14969526.0,0.0649633134695647,0.7858275909222968,0.0712175007593654,0.026721036481645286,0.027846769448789718,0.02342378891833792,0.05681954807973481,0.16155454294385668,0.05699564622229309,0.07357376216494786,0.07560606477445869,0.0666147845301396,0.12604804551137339,0.09143689780118376,0.1872119161850464,0.10413879178696578
2,10804261.0,0.029235229149570986,0.014797203434541805,0.011635658711315009,0.015512255544458625,0.016165772763865924,0.9126538803962477,0.1958907004922645,0.09531454741400146,0.05720435098338415,0.08060655200843672,0.07061465614920992,0.06311045947653948,0.11837494236674309,0.09921259095002107,0.112818121994068,0.10685307816533168
3,28665472.0,0.15582099010812692,0.14597274497979937,0.1786353469404407,0.1780124317350124,0.18551193360139026,0.15604655263523026,0.11951792682045939,0.07260540574485913,0.0963329378289803,0.09995106906171848,0.1753847352367894,0.12916933298210914,0.12617173774061774,0.03065540866881224,0.08710196996262169,0.06310947595303247
4,101635298.0,0.16100160531069355,0.15082593338065586,0.15132725317503418,0.18393085074552135,0.19167969022266443,0.1612346671654307,0.11396413824745837,0.09027927990059631,0.07450855325803442,0.11201536026650086,0.09076260382526138,0.07243827074114241,0.09245719037450441,0.11047976418368838,0.14081992917279265,0.10227491003002084
5,590020.0,0.007878826615394977,0.007380866643646899,0.00999392095960856,0.009000899583886342,0.9578552543917873,0.007890231805676107,0.00026320589301209675,0.002597119842372382,0.005938468964588178,0.00033260854137920657,0.004981281648599823,0.0009154851213687052,0.04534369975903965,0.0008613842920353628,0.0002436172066184923,0.9385231287309862
