Cluster,Households,jowar,bajra,maize,barley,small millets,ragi,arhar,moong,masur,urd,peas,khesari,other pulses,gram products,besan,other pulse products
0,126245458.0,0.15938145418828817,0.1493081795372519,0.15986740468886507,0.1820799637701693,0.18975082706221777,0.15961217075320774,0.09102980106603704,0.09825695844879191,0.09270693890807756,0.1115158166438209,0.09673068097707968,0.07578651338579301,0.10220838415513263,0.12180980820249647,0.10644704741688835,0.10350805079588252
1,7696750.0,0.1483204390110827,0.1389462459713087,0.21817230242573352,0.16944368025158874,0.17658218841030168,0.14853514392998482,0.04147487635324006,0.16372698611614706,0.2067806462252326,0.06167090614448716,0.06207899458909151,0.027886242736508957,0.2189718927201522,0.06423491732013789,0.04855989222532224,0.10461464556968036
2,40316463.0,0.161332388887417,0.1511358106741774,0.14958362455642044,0.184308743279959,0.19207350302592646,0.16156592957609964,0.20349923072799342,0.07364921082683484,0.08994924624667328,0.09045074113475905,0.12361576762503372,0.13070413097456676,0.07135630232031859,0.038482870633168555,0.10962776663848543,0.0686647328721664
3,38228.0,6.633102148979896e-10,6.213874829996362e-10,6.912969407134322e-10,7.577763706078937e-10,0.9999999966019586,6.642704060007539e-10,0.03955938389934692,0.05171818594770126,0.05676457722654331,0.08692571590950074,0.11292612860791672,0.20323624620797648,0.08600996845509948,0.163761093830674,0.10314305785567816,0.09595564205956295
4,10804261.0,0.029235229149570986,0.014797203434541805,0.011635658711315009,0.015512255544458625,0.016165772763865924,0.9126538803962477,0.1958907004922645,0.09531454741400146,0.05720435098338415,0.08060655200843672,0.07061465614920992,0.06311045947653948,0.11837494236674309,0.09921259095002107,0.112818121994068,0.10685307816533168
5,14666977.0,0.0669173377094019,0.7944577052569696,0.06458403833395182,0.025367478297435065,0.026436187089190176,0.02223725331305152,0.05736477247487975,0.14683005036235613,0.06258419076193864,0.07517673115719375,0.07861036283840833,0.06907148908731509,0.12012035373678982,0.09480902375049946,0.19572568115912917,0.09970734467148999
